{"stats":{"minecraft:picked_up":{"minecraft:sand":1,"minecraft:string":1,"minecraft:bone":2,"minecraft:arrow":2,"minecraft:rotten_flesh":6,"minecraft:iron_ingot":64,"minecraft:coal":56},"minecraft:custom":{"minecraft:time_since_rest":57335,"minecraft:damage_absorbed":80,"minecraft:interact_with_furnace":1,"minecraft:sprint_one_cm":61629,"minecraft:damage_taken":865,"minecraft:walk_one_cm":65840,"minecraft:mob_kills":6,"minecraft:drop":1,"minecraft:damage_dealt":1244,"minecraft:fly_one_cm":233123,"minecraft:open_barrel":3,"minecraft:crouch_one_cm":5104,"minecraft:deaths":1,"minecraft:play_time":135836,"minecraft:walk_under_water_one_cm":1169,"minecraft:sneak_time":1805,"minecraft:jump":552,"minecraft:leave_game":4,"minecraft:time_since_death":57200,"minecraft:walk_on_water_one_cm":3959,"minecraft:climb_one_cm":83,"minecraft:total_world_time":135836,"minecraft:fall_one_cm":8043},"minecraft:dropped":{"minecraft:arrow":1},"minecraft:killed":{"minecraft:skeleton":1,"minecraft:zombie":3,"minecraft:zombie_villager":1,"minecraft:spider":1},"minecraft:killed_by":{"minecraft:zombie":1},"minecraft:used":{"minecraft:water_bucket":9,"minecraft:jack_o_lantern":1,"minecraft:damaged_anvil":1,"minecraft:enchanting_table":3,"minecraft:diamond_boots":1,"minecraft:bookshelf":1,"minecraft:flint_and_steel":2,"minecraft:carved_pumpkin":1,"minecraft:grass_block":1,"minecraft:cartography_table":1,"minecraft:carrot_on_a_stick":4,"sawmill:sawmill":1,"minecraft:ladder":1,"minecraft:spawner":1,"minecraft:axolotl_spawn_egg":3,"minecraft:chest":1,"minecraft:fletching_table":1,"minecraft:stonecutter":1,"minecraft:barrel":2,"minecraft:rotten_flesh":2,"minecraft:sand":4,"minecraft:diamond_chestplate":1,"minecraft:diamond_sword":15,"minecraft:golden_apple":7,"minecraft:diamond_block":1,"minecraft:glowstone":1,"minecraft:spyglass":16,"minecraft:ancient_debris":1,"minecraft:anvil":2,"minecraft:bow":6,"minecraft:furnace":4,"minecraft:smithing_table":2,"minecraft:blast_furnace":4,"minecraft:diamond_helmet":1,"minecraft:bucket":4,"minecraft:chain":4,"minecraft:gold_block":1,"minecraft:bee_nest":1,"minecraft:note_block":1,"minecraft:dragon_head":1,"minecraft:diamond_leggings":1,"minecraft:jukebox":1,"minecraft:obsidian":14},"minecraft:mined":{"minecraft:sand":1}},"DataVersion":3465}