{"stats":{"minecraft:picked_up":{"minecraft:feather":4,"minecraft:ladder":2,"minecraft:chicken":2,"minecraft:water_bucket":1,"minecraft:wither_rose":1,"minecraft:oak_log":14,"minecraft:gunpowder":1,"minecraft:dirt":53,"minecraft:string":4,"minecraft:bone":10,"minecraft:apple":2,"graveyard:corruption":1,"minecraft:wheat_seeds":2,"bosses_of_mass_destruction:soul_star":2,"minecraft:iron_ingot":64,"minecraft:beef":3,"minecraft:egg":2,"minecraft:stick":8,"soulsweapons:shard_of_uncertainty":1,"minecraft:sand":31,"minecraft:porkchop":9,"minecraft:carrot":1,"minecraft:zombie_spawn_egg":3,"minecraft:husk_spawn_egg":2,"minecraft:arrow":11,"minecraft:rotten_flesh":92,"tacz:modern_kinetic_gun":1,"minecraft:snowball":11,"minecraft:oak_sapling":15,"minecraft:nether_star":1,"minecraft:coal":56,"minecraft:mutton":7,"soulsweapons:lord_soul_void":1,"minecraft:white_wool":4,"minecraft:cobblestone":3,"minecraft:ender_pearl":1},"minecraft:killed":{"minecraft:husk":9,"minecraft:pig":6,"minecraft:zombie_villager":1,"minecraft:spider":3,"minecraft:creeper":3,"minecraft:wither":1,"minecraft:phantom":4,"minecraft:sheep":5,"minecraft:skeleton":7,"minecraft:zombie":83,"minecraft:chicken":2,"minecraft:player":5,"minecraft:cow":1},"minecraft:mined":{"minecraft:dead_bush":1,"minecraft:fire":4,"minecraft:grass":6,"minecraft:oak_log":14,"minecraft:sand":2},"minecraft:killed_by":{"minecraft:spider":4,"minecraft:zombie":5},"minecraft:used":{"minecraft:water_bucket":11,"minecraft:jack_o_lantern":1,"minecraft:damaged_anvil":1,"minecraft:enchanting_table":3,"minecraft:diamond_boots":1,"minecraft:flint_and_steel":8,"minecraft:carved_pumpkin":1,"minecraft:netherite_chestplate":1,"minecraft:carrot_on_a_stick":4,"minecraft:poppy":1,"minecraft:ladder":26,"minecraft:cartography_table":1,"minecraft:axolotl_spawn_egg":3,"minecraft:chest":1,"minecraft:zombie_spawn_egg":69,"minecraft:fletching_table":1,"minecraft:stonecutter":1,"minecraft:rotten_flesh":2,"minecraft:dirt":1,"minecraft:golden_apple":39,"minecraft:spyglass":16,"minecraft:sand":5,"minecraft:diamond_block":1,"minecraft:ancient_debris":1,"minecraft:anvil":2,"minecraft:netherite_leggings":1,"minecraft:blast_furnace":4,"minecraft:netherite_helmet":1,"minecraft:diamond_helmet":2,"minecraft:bee_nest":1,"minecraft:note_block":1,"minecraft:obsidian":14,"minecraft:red_tulip":1,"minecraft:bookshelf":1,"minecraft:command_block":1,"minecraft:sunflower":1,"minecraft:grass_block":26,"minecraft:stone_button":1,"sawmill:sawmill":1,"minecraft:spawner":1,"minecraft:totem_of_undying":7,"minecraft:lilac":1,"minecraft:barrel":2,"minecraft:netherite_boots":1,"minecraft:diamond_chestplate":2,"minecraft:diamond_sword":154,"minecraft:glowstone":1,"minecraft:bow":56,"minecraft:furnace":4,"minecraft:smithing_table":2,"minecraft:bucket":6,"minecraft:chain":4,"minecraft:gold_block":1,"minecraft:wither_rose":1,"minecraft:egg":1,"minecraft:dandelion":1,"minecraft:husk_spawn_egg":15,"minecraft:dragon_head":1,"minecraft:diamond_leggings":1,"minecraft:jukebox":1},"minecraft:dropped":{"minecraft:water_bucket":1,"minecraft:zombie_spawn_egg":1,"tacz:modern_kinetic_gun":1,"minecraft:arrow":1},"minecraft:custom":{"minecraft:interact_with_furnace":1,"minecraft:mob_kills":127,"minecraft:open_barrel":3,"minecraft:leave_game":13,"minecraft:time_since_death":68231,"minecraft:climb_one_cm":23111,"minecraft:time_since_rest":68361,"minecraft:sprint_one_cm":227626,"minecraft:walk_one_cm":277715,"minecraft:damage_taken":7060,"minecraft:damage_absorbed":780,"minecraft:drop":4,"minecraft:damage_dealt":10501,"minecraft:fly_one_cm":631822,"minecraft:player_kills":6,"minecraft:crouch_one_cm":12039,"minecraft:play_time":314690,"minecraft:sneak_time":4611,"minecraft:deaths":14,"minecraft:walk_under_water_one_cm":1169,"minecraft:jump":1991,"minecraft:walk_on_water_one_cm":4264,"minecraft:total_world_time":314690,"minecraft:fall_one_cm":51668}},"DataVersion":3465}