{"stats":{"minecraft:picked_up":{"minecraft:feather":2,"minecraft:chicken":1,"minecraft:water_bucket":1,"minecraft:oak_log":14,"minecraft:string":3,"minecraft:bone":6,"minecraft:apple":2,"graveyard:corruption":1,"minecraft:wheat_seeds":2,"bosses_of_mass_destruction:soul_star":1,"minecraft:iron_ingot":64,"minecraft:beef":3,"minecraft:egg":2,"minecraft:stick":8,"minecraft:sand":31,"minecraft:porkchop":2,"minecraft:husk_spawn_egg":2,"minecraft:arrow":7,"minecraft:rotten_flesh":52,"tacz:modern_kinetic_gun":1,"minecraft:oak_sapling":15,"minecraft:coal":56,"minecraft:mutton":3,"minecraft:white_wool":2},"minecraft:killed":{"minecraft:husk":9,"minecraft:pig":3,"minecraft:zombie_villager":1,"minecraft:spider":2,"minecraft:phantom":3,"minecraft:sheep":4,"minecraft:skeleton":4,"minecraft:zombie":44,"minecraft:chicken":1,"minecraft:player":5,"minecraft:cow":1},"minecraft:mined":{"minecraft:dead_bush":1,"minecraft:fire":4,"minecraft:grass":6,"minecraft:oak_log":14,"minecraft:sand":2},"minecraft:killed_by":{"minecraft:spider":4,"minecraft:zombie":5},"minecraft:used":{"minecraft:water_bucket":9,"minecraft:jack_o_lantern":1,"minecraft:damaged_anvil":1,"minecraft:enchanting_table":3,"minecraft:diamond_boots":1,"minecraft:flint_and_steel":8,"minecraft:carved_pumpkin":1,"minecraft:netherite_chestplate":1,"minecraft:carrot_on_a_stick":4,"minecraft:ladder":26,"minecraft:cartography_table":1,"minecraft:axolotl_spawn_egg":3,"minecraft:chest":1,"minecraft:zombie_spawn_egg":59,"minecraft:fletching_table":1,"minecraft:stonecutter":1,"minecraft:rotten_flesh":2,"minecraft:dirt":1,"minecraft:golden_apple":30,"minecraft:spyglass":16,"minecraft:sand":5,"minecraft:diamond_block":1,"minecraft:ancient_debris":1,"minecraft:anvil":2,"minecraft:netherite_leggings":1,"minecraft:blast_furnace":4,"minecraft:netherite_helmet":1,"minecraft:diamond_helmet":2,"minecraft:bee_nest":1,"minecraft:note_block":1,"minecraft:obsidian":14,"minecraft:bookshelf":1,"minecraft:command_block":1,"minecraft:grass_block":26,"minecraft:stone_button":1,"sawmill:sawmill":1,"minecraft:spawner":1,"minecraft:totem_of_undying":6,"minecraft:barrel":2,"minecraft:netherite_boots":1,"minecraft:diamond_chestplate":2,"minecraft:diamond_sword":143,"minecraft:glowstone":1,"minecraft:bow":7,"minecraft:furnace":4,"minecraft:smithing_table":2,"minecraft:bucket":4,"minecraft:chain":4,"minecraft:gold_block":1,"minecraft:egg":1,"minecraft:husk_spawn_egg":15,"minecraft:dragon_head":1,"minecraft:diamond_leggings":1,"minecraft:jukebox":1},"minecraft:dropped":{"minecraft:water_bucket":1,"tacz:modern_kinetic_gun":1,"minecraft:arrow":1},"minecraft:custom":{"minecraft:interact_with_furnace":1,"minecraft:mob_kills":73,"minecraft:open_barrel":3,"minecraft:leave_game":12,"minecraft:time_since_death":38995,"minecraft:climb_one_cm":19099,"minecraft:time_since_rest":39125,"minecraft:sprint_one_cm":190939,"minecraft:walk_one_cm":227905,"minecraft:damage_taken":6100,"minecraft:damage_absorbed":540,"minecraft:drop":3,"minecraft:damage_dealt":9933,"minecraft:fly_one_cm":493950,"minecraft:player_kills":6,"minecraft:crouch_one_cm":8013,"minecraft:play_time":285454,"minecraft:sneak_time":3209,"minecraft:deaths":14,"minecraft:walk_under_water_one_cm":1169,"minecraft:jump":1712,"minecraft:walk_on_water_one_cm":3959,"minecraft:total_world_time":285454,"minecraft:fall_one_cm":44970}},"DataVersion":3465}