{"stats":{"minecraft:killed":{"minecraft:skeleton":1,"minecraft:zombie":4,"minecraft:zombie_villager":1,"minecraft:spider":2},"minecraft:custom":{"minecraft:time_since_rest":66824,"minecraft:walk_one_cm":72714,"minecraft:interact_with_furnace":1,"minecraft:sprint_one_cm":66488,"minecraft:damage_taken":1062,"minecraft:damage_absorbed":120,"minecraft:mob_kills":8,"minecraft:drop":1,"minecraft:damage_dealt":1639,"minecraft:fly_one_cm":236603,"minecraft:open_barrel":3,"minecraft:crouch_one_cm":5141,"minecraft:play_time":145325,"minecraft:deaths":1,"minecraft:sneak_time":1836,"minecraft:walk_under_water_one_cm":1169,"minecraft:jump":569,"minecraft:leave_game":7,"minecraft:walk_on_water_one_cm":3959,"minecraft:time_since_death":66689,"minecraft:climb_one_cm":83,"minecraft:total_world_time":145325,"minecraft:fall_one_cm":8252},"minecraft:used":{"minecraft:water_bucket":9,"minecraft:jack_o_lantern":1,"minecraft:damaged_anvil":1,"minecraft:enchanting_table":3,"minecraft:diamond_boots":1,"minecraft:bookshelf":1,"minecraft:flint_and_steel":2,"minecraft:carved_pumpkin":1,"minecraft:grass_block":1,"minecraft:ladder":1,"sawmill:sawmill":1,"minecraft:carrot_on_a_stick":4,"minecraft:cartography_table":1,"minecraft:spawner":1,"minecraft:axolotl_spawn_egg":3,"minecraft:chest":1,"minecraft:fletching_table":1,"minecraft:stonecutter":1,"minecraft:barrel":2,"minecraft:rotten_flesh":2,"minecraft:spyglass":16,"minecraft:golden_apple":9,"minecraft:sand":4,"minecraft:diamond_chestplate":1,"minecraft:glowstone":1,"minecraft:diamond_sword":22,"minecraft:diamond_block":1,"minecraft:anvil":2,"minecraft:ancient_debris":1,"minecraft:bow":6,"minecraft:furnace":4,"minecraft:smithing_table":2,"minecraft:blast_furnace":4,"minecraft:chain":4,"minecraft:bucket":4,"minecraft:gold_block":1,"minecraft:diamond_helmet":1,"minecraft:bee_nest":1,"minecraft:note_block":1,"minecraft:dragon_head":1,"minecraft:diamond_leggings":1,"minecraft:jukebox":1,"minecraft:obsidian":14},"minecraft:killed_by":{"minecraft:zombie":1},"minecraft:picked_up":{"minecraft:sand":1,"minecraft:string":3,"minecraft:bone":2,"minecraft:arrow":2,"minecraft:rotten_flesh":8,"minecraft:iron_ingot":64,"minecraft:coal":56},"minecraft:mined":{"minecraft:sand":1},"minecraft:dropped":{"minecraft:arrow":1}},"DataVersion":3465}