{"stats":{"minecraft:dropped":{"iceandfire:dragon_skull_ice":2},"minecraft:custom":{"minecraft:time_since_rest":4520,"minecraft:crouch_one_cm":102,"minecraft:sprint_one_cm":8771,"minecraft:play_time":11919,"minecraft:walk_one_cm":24138,"minecraft:damage_taken":270,"minecraft:deaths":1,"minecraft:sneak_time":121,"minecraft:mob_kills":10,"minecraft:drop":2,"minecraft:jump":66,"minecraft:damage_dealt":43,"minecraft:leave_game":3,"minecraft:time_since_death":4153,"minecraft:total_world_time":11919,"minecraft:fall_one_cm":418,"minecraft:fly_one_cm":23982},"minecraft:killed":{"minecraft:zombie":10},"minecraft:used":{"minecraft:bow":45,"minecraft:zombie_spawn_egg":16},"minecraft:killed_by":{"minecraft:zombie":1},"minecraft:picked_up":{"iceandfire:dragon_skull_ice":2,"iceandfire:dragonbone":23,"minecraft:arrow":1,"minecraft:rotten_flesh":9},"minecraft:mined":{"minecraft:grass_block":1}},"DataVersion":3465}