{"stats":{"minecraft:used":{"minecraft:water_bucket":9,"minecraft:jack_o_lantern":1,"minecraft:damaged_anvil":1,"minecraft:enchanting_table":3,"minecraft:diamond_boots":1,"minecraft:bookshelf":1,"minecraft:flint_and_steel":6,"minecraft:carved_pumpkin":1,"minecraft:grass_block":1,"minecraft:ladder":1,"sawmill:sawmill":1,"minecraft:carrot_on_a_stick":4,"minecraft:cartography_table":1,"minecraft:spawner":1,"minecraft:axolotl_spawn_egg":3,"minecraft:chest":1,"minecraft:zombie_spawn_egg":6,"minecraft:fletching_table":1,"minecraft:stonecutter":1,"minecraft:barrel":2,"minecraft:rotten_flesh":2,"minecraft:spyglass":16,"minecraft:golden_apple":15,"minecraft:sand":4,"minecraft:diamond_chestplate":1,"minecraft:glowstone":1,"minecraft:diamond_sword":68,"minecraft:diamond_block":1,"minecraft:anvil":2,"minecraft:ancient_debris":1,"minecraft:bow":7,"minecraft:furnace":4,"minecraft:smithing_table":2,"minecraft:blast_furnace":4,"minecraft:chain":4,"minecraft:bucket":4,"minecraft:gold_block":1,"minecraft:diamond_helmet":1,"minecraft:bee_nest":1,"minecraft:egg":1,"minecraft:note_block":1,"minecraft:dragon_head":1,"minecraft:diamond_leggings":1,"minecraft:jukebox":1,"minecraft:obsidian":14},"minecraft:dropped":{"minecraft:water_bucket":1,"minecraft:arrow":1},"minecraft:mined":{"minecraft:fire":4,"minecraft:oak_log":7,"minecraft:grass":1,"minecraft:sand":2},"minecraft:killed_by":{"minecraft:zombie":3},"minecraft:killed":{"minecraft:skeleton":1,"minecraft:husk":8,"minecraft:zombie":10,"minecraft:zombie_villager":1,"minecraft:spider":2,"minecraft:player":2},"minecraft:picked_up":{"minecraft:stick":3,"minecraft:water_bucket":1,"minecraft:sand":10,"minecraft:oak_log":7,"minecraft:string":3,"minecraft:bone":2,"minecraft:arrow":2,"minecraft:rotten_flesh":13,"minecraft:wheat_seeds":1,"minecraft:iron_ingot":64,"minecraft:oak_sapling":1,"minecraft:coal":56,"minecraft:egg":1},"minecraft:custom":{"minecraft:time_since_rest":2405,"minecraft:walk_one_cm":114649,"minecraft:interact_with_furnace":1,"minecraft:sprint_one_cm":111803,"minecraft:damage_taken":2084,"minecraft:damage_absorbed":210,"minecraft:mob_kills":22,"minecraft:drop":2,"minecraft:damage_dealt":4671,"minecraft:player_kills":2,"minecraft:fly_one_cm":324398,"minecraft:open_barrel":3,"minecraft:crouch_one_cm":5764,"minecraft:play_time":166696,"minecraft:deaths":8,"minecraft:sneak_time":2078,"minecraft:walk_under_water_one_cm":1169,"minecraft:jump":1025,"minecraft:leave_game":9,"minecraft:walk_on_water_one_cm":3959,"minecraft:time_since_death":2217,"minecraft:climb_one_cm":2441,"minecraft:total_world_time":166696,"minecraft:fall_one_cm":19002}},"DataVersion":3465}