{"stats":{"minecraft:picked_up":{"minecraft:stick":4,"minecraft:sand":10,"minecraft:oak_log":7,"minecraft:oak_sapling":4},"minecraft:custom":{"minecraft:jump":132,"minecraft:leave_game":5,"minecraft:time_since_rest":1530,"minecraft:time_since_death":0,"minecraft:play_time":27218,"minecraft:sprint_one_cm":16340,"minecraft:walk_one_cm":40849,"minecraft:deaths":7,"minecraft:sneak_time":240,"minecraft:total_world_time":27218,"minecraft:fall_one_cm":1604,"minecraft:fly_one_cm":17220,"minecraft:damage_dealt":198,"minecraft:damage_taken":1949},"minecraft:used":{"minecraft:sand":8},"minecraft:mined":{"minecraft:oak_log":7,"minecraft:sand":17},"minecraft:killed_by":{"minecraft:zombie":2,"minecraft:player":4}},"DataVersion":3465}