{"stats":{"minecraft:killed_by":{"minecraft:zombie":2,"minecraft:player":4},"minecraft:picked_up":{"minecraft:stick":4,"minecraft:sand":10,"minecraft:oak_log":7,"minecraft:oak_sapling":4},"minecraft:used":{"minecraft:sand":8},"minecraft:custom":{"minecraft:jump":132,"minecraft:leave_game":3,"minecraft:time_since_rest":1437,"minecraft:time_since_death":0,"minecraft:play_time":27125,"minecraft:sprint_one_cm":16340,"minecraft:walk_one_cm":40849,"minecraft:deaths":7,"minecraft:sneak_time":240,"minecraft:total_world_time":27125,"minecraft:fall_one_cm":1604,"minecraft:fly_one_cm":17220,"minecraft:damage_dealt":198,"minecraft:damage_taken":1949},"minecraft:mined":{"minecraft:oak_log":7,"minecraft:sand":17}},"DataVersion":3465}