{"stats":{"minecraft:used":{"minecraft:sand":8},"minecraft:mined":{"minecraft:sand":17},"minecraft:killed_by":{"minecraft:player":2},"minecraft:picked_up":{"minecraft:sand":10},"minecraft:custom":{"minecraft:jump":94,"minecraft:time_since_rest":9063,"minecraft:leave_game":1,"minecraft:damage_dealt":198,"minecraft:sprint_one_cm":14622,"minecraft:deaths":3,"minecraft:play_time":16893,"minecraft:damage_taken":876,"minecraft:time_since_death":8551,"minecraft:walk_one_cm":20004,"minecraft:sneak_time":240,"minecraft:total_world_time":16893,"minecraft:fall_one_cm":1395,"minecraft:fly_one_cm":13125}},"DataVersion":3465}