{"stats":{"minecraft:custom":{"minecraft:jump":20,"minecraft:time_since_rest":3992,"minecraft:damage_dealt":20,"minecraft:sprint_one_cm":897,"minecraft:deaths":1,"minecraft:play_time":4204,"minecraft:damage_taken":315,"minecraft:time_since_death":3261,"minecraft:walk_one_cm":6750,"minecraft:sneak_time":15,"minecraft:total_world_time":4204,"minecraft:fly_one_cm":1239},"minecraft:killed_by":{"minecraft:zombie":1},"minecraft:picked_up":{"iceandfire:dragon_skull_ice":1,"minecraft:dirt":2},"minecraft:mined":{"minecraft:grass_block":1}},"DataVersion":3465}