{"stats":{"minecraft:used":{"minecraft:sand":1},"minecraft:mined":{"minecraft:sand":1},"minecraft:killed_by":{"minecraft:skeleton":1},"minecraft:picked_up":{"minecraft:sand":1},"minecraft:custom":{"minecraft:jump":14,"minecraft:time_since_rest":452,"minecraft:deaths":1,"minecraft:leave_game":3,"minecraft:play_time":4866,"minecraft:sprint_one_cm":3485,"minecraft:damage_taken":275,"minecraft:time_since_death":32,"minecraft:walk_one_cm":5778,"minecraft:total_world_time":4866,"minecraft:fall_one_cm":209,"minecraft:fly_one_cm":2531}},"DataVersion":3465}