{"stats":{"minecraft:killed_by":{"minecraft:skeleton":2,"graveyard:ghoul":1,"minecraft:creeper":1,"minecraft:zombie":1,"minecraft:player":2},"minecraft:picked_up":{"minecraft:birch_log":6,"minecraft:sand":6,"minecraft:birch_sapling":3},"minecraft:used":{"minecraft:sand":5},"minecraft:custom":{"minecraft:time_since_rest":81,"minecraft:sprint_one_cm":21610,"minecraft:play_time":30826,"minecraft:deaths":9,"minecraft:damage_taken":2280,"minecraft:walk_one_cm":29049,"minecraft:sneak_time":41,"minecraft:jump":68,"minecraft:damage_dealt":180,"minecraft:leave_game":8,"minecraft:time_since_death":0,"minecraft:climb_one_cm":366,"minecraft:total_world_time":30826,"minecraft:fall_one_cm":1045,"minecraft:fly_one_cm":9764},"minecraft:mined":{"minecraft:grass":2,"minecraft:sand":16,"minecraft:birch_log":6}},"DataVersion":3465}