{"stats":{"minecraft:killed_by":{"minecraft:skeleton":2,"graveyard:ghoul":1,"minecraft:creeper":1,"minecraft:zombie":1,"minecraft:player":2},"minecraft:picked_up":{"minecraft:birch_log":6,"minecraft:sand":9,"minecraft:birch_sapling":4,"minecraft:dirt":1},"minecraft:used":{"minecraft:dirt":1,"minecraft:sand":6,"minecraft:birch_sapling":2},"minecraft:custom":{"minecraft:time_since_rest":1965,"minecraft:sprint_one_cm":27921,"minecraft:play_time":32710,"minecraft:deaths":9,"minecraft:damage_taken":2280,"minecraft:walk_one_cm":32997,"minecraft:sneak_time":41,"minecraft:jump":94,"minecraft:damage_dealt":180,"minecraft:leave_game":9,"minecraft:time_since_death":1359,"minecraft:climb_one_cm":366,"minecraft:total_world_time":32710,"minecraft:fall_one_cm":1463,"minecraft:fly_one_cm":14506},"minecraft:mined":{"minecraft:birch_sapling":1,"minecraft:grass":2,"minecraft:grass_block":1,"minecraft:sand":20,"minecraft:dirt":1,"minecraft:birch_log":6}},"DataVersion":3465}