{"stats":{"minecraft:used":{"minecraft:sand":1},"minecraft:custom":{"minecraft:jump":53,"minecraft:time_since_rest":509,"minecraft:damage_dealt":180,"minecraft:damage_taken":1321,"minecraft:leave_game":7,"minecraft:play_time":20348,"minecraft:sprint_one_cm":19698,"minecraft:time_since_death":0,"minecraft:walk_one_cm":21807,"minecraft:deaths":5,"minecraft:sneak_time":18,"minecraft:total_world_time":20348,"minecraft:climb_one_cm":366,"minecraft:fall_one_cm":1045,"minecraft:fly_one_cm":8394},"minecraft:killed_by":{"minecraft:zombie":1,"minecraft:skeleton":1,"minecraft:creeper":1},"minecraft:mined":{"minecraft:grass":2,"minecraft:sand":12},"minecraft:picked_up":{"minecraft:sand":2}},"DataVersion":3465}