{"stats":{"minecraft:used":{"minecraft:sand":1},"minecraft:mined":{"minecraft:sand":11},"minecraft:killed_by":{"minecraft:skeleton":1},"minecraft:picked_up":{"minecraft:sand":1},"minecraft:custom":{"minecraft:jump":27,"minecraft:time_since_rest":6104,"minecraft:damage_dealt":130,"minecraft:damage_taken":785,"minecraft:leave_game":5,"minecraft:play_time":15922,"minecraft:sprint_one_cm":6174,"minecraft:time_since_death":5954,"minecraft:walk_one_cm":15276,"minecraft:deaths":3,"minecraft:sneak_time":18,"minecraft:total_world_time":15922,"minecraft:climb_one_cm":366,"minecraft:fall_one_cm":209,"minecraft:fly_one_cm":3337}},"DataVersion":3465}